id,temperatura,humedad,momento,finca
1,-1.5,51.0,26/01/2023,9
2,38.6,5.0,21/03/2023,8
3,-6.0,59.8,07/03/2023,8
4,30.1,43.2,14/03/2023,10
5,7.5,58.2,01/02/2023,1
6,38.7,61.3,04/01/2023,2
7,-2.1,13.7,06/02/2023,5
8,7.9,59.5,29/03/2023,8
9,-9.8,47.3,22/01/2023,9
10,37.7,76.6,20/02/2023,7
11,7.2,84.5,04/04/2023,6
12,36.3,90.4,04/04/2023,1
13,20.5,31.1,22/01/2023,1
14,-2.4,96.7,18/01/2023,3
15,-4.1,44.7,19/01/2023,7
16,-5.5,40.3,25/01/2023,10
17,22.1,11.1,26/02/2023,9
18,35.9,25.9,05/04/2023,6
19,16.2,42.4,05/01/2023,1
20,33.3,66.5,31/03/2023,7
21,35.4,75.5,13/01/2023,6
22,16.1,77.7,17/02/2023,4
23,10.5,55.3,25/01/2023,10
24,2.2,26.8,10/03/2023,8
25,21.4,88.7,01/03/2023,6
26,-3.6,88.5,02/03/2023,7
27,32.6,73.5,28/01/2023,6
28,-9.6,30.9,08/01/2023,1
29,36.6,11.4,21/03/2023,3
30,10.8,8.4,10/01/2023,4
31,-2.8,18.9,24/03/2023,6
32,-6.3,33.0,12/02/2023,4
33,-9.9,46.3,05/02/2023,4
34,34.1,30.2,30/01/2023,3
35,26.8,59.2,13/03/2023,10
36,5.9,15.4,13/03/2023,10
37,-4.8,12.3,20/02/2023,1
38,-8.5,62.3,08/03/2023,9
39,-7.7,95.9,18/02/2023,1
40,0.5,50.3,18/02/2023,2
41,29.6,44.4,02/02/2023,2
42,31.5,78.3,20/02/2023,3
43,36.6,34.8,26/02/2023,9
44,1.7,13.9,25/01/2023,6
45,9.7,91.5,04/04/2023,10
46,4.1,61.1,18/03/2023,9
47,19.7,93.5,12/02/2023,7
48,17.9,65.5,14/03/2023,4
49,25.1,34.3,18/01/2023,5
50,26.5,29.1,11/01/2023,10
51,31.8,30.0,07/02/2023,1
52,20.7,57.8,29/03/2023,6
53,-7.9,57.7,17/02/2023,5
54,27.6,93.7,03/02/2023,3
55,-4.3,14.1,16/01/2023,10
56,12.2,80.2,01/02/2023,6
57,22.2,14.8,23/02/2023,5
58,31.1,25.0,14/01/2023,5
59,36.2,30.4,05/03/2023,5
60,-5.9,86.6,08/03/2023,8
61,2.8,79.3,23/01/2023,3
62,16.9,16.6,05/04/2023,9
63,35.5,96.2,11/03/2023,2
64,27.7,17.1,11/01/2023,6
65,27.1,62.4,16/02/2023,1
66,0.6,10.1,14/02/2023,9
67,7.0,52.5,23/03/2023,5
68,38.4,55.9,18/02/2023,2
69,35.6,65.9,07/01/2023,1
70,8.0,45.1,06/01/2023,8
71,16.2,91.9,14/03/2023,4
72,4.2,89.2,23/03/2023,10
73,31.5,30.5,15/03/2023,1
74,17.1,0.2,02/02/2023,5
75,38.6,39.9,13/03/2023,10
76,33.8,56.1,12/01/2023,4
77,-7.2,17.5,15/01/2023,3
78,-0.6,13.7,14/03/2023,4
79,39.5,48.7,16/02/2023,7
80,19.2,15.6,15/02/2023,5
81,-3.9,67.9,01/04/2023,7
82,-7.0,67.1,26/01/2023,3
83,4.9,78.9,07/01/2023,3
84,-6.1,66.1,10/01/2023,8
85,24.3,25.7,28/02/2023,10
86,35.7,98.0,26/01/2023,3
87,9.9,98.6,23/03/2023,2
88,8.8,61.5,17/03/2023,3
89,24.7,35.6,17/01/2023,5
90,17.6,75.7,05/03/2023,4
91,13.1,30.6,19/03/2023,3
92,29.3,40.5,15/02/2023,6
93,-2.0,52.3,25/02/2023,3
94,23.4,46.6,04/03/2023,6
95,2.6,48.7,18/01/2023,3
96,27.1,58.0,10/02/2023,9
97,1.3,24.9,27/01/2023,9
98,5.1,6.7,19/02/2023,8
99,28.9,26.2,27/02/2023,1
100,1.9,61.2,16/01/2023,8
101,19.7,27.3,29/01/2023,7
102,3.7,5.0,25/03/2023,3
103,37.5,48.3,19/03/2023,4
104,16.5,50.1,24/02/2023,2
105,-3.3,95.9,12/02/2023,6
106,15.4,19.1,01/02/2023,3
107,-7.4,86.5,07/01/2023,3
108,16.2,85.3,23/02/2023,1
109,1.7,31.1,29/01/2023,10
110,39.0,78.4,02/03/2023,5
111,38.3,89.0,14/02/2023,10
112,36.2,6.2,24/02/2023,6
113,-1.0,52.9,08/03/2023,4
114,12.2,85.1,23/03/2023,9
115,-7.8,12.8,14/03/2023,7
116,19.5,27.9,07/03/2023,10
117,21.4,55.9,25/02/2023,8
118,14.0,58.6,20/01/2023,3
119,12.8,91.8,21/01/2023,7
120,37.6,54.9,02/03/2023,1
121,30.5,41.1,19/01/2023,9
122,21.1,62.7,06/01/2023,3
123,7.5,63.7,23/02/2023,8
124,14.7,5.0,18/01/2023,3
125,-9.6,93.4,11/01/2023,9
126,23.2,72.9,17/03/2023,6
127,37.5,19.8,24/02/2023,10
128,23.0,83.8,18/01/2023,1
129,28.1,7.4,18/03/2023,3
130,39.7,36.3,13/01/2023,1
131,32.7,15.6,02/02/2023,10
132,-8.1,6.0,04/02/2023,5
133,24.9,93.2,03/02/2023,1
134,2.4,19.1,02/03/2023,3
135,21.2,26.8,17/03/2023,7
136,-6.4,20.5,18/02/2023,5
137,39.8,20.2,01/02/2023,6
138,15.8,75.0,07/02/2023,3
139,34.5,67.6,02/03/2023,2
140,30.8,17.8,23/01/2023,5
141,4.3,46.2,09/01/2023,5
142,33.3,49.2,08/03/2023,3
143,13.4,51.4,31/01/2023,6
144,15.9,62.8,15/01/2023,5
145,31.2,34.4,09/02/2023,3
146,34.2,75.1,14/02/2023,1
147,9.8,94.8,26/01/2023,6
148,13.9,32.3,30/03/2023,4
149,19.8,84.2,04/01/2023,7
150,26.5,57.4,14/02/2023,5
151,28.5,64.0,12/01/2023,7
152,-0.3,79.8,31/03/2023,3
153,20.9,2.5,12/03/2023,1
154,8.6,27.3,23/02/2023,1
155,2.8,33.9,24/01/2023,10
156,24.4,96.5,18/01/2023,6
157,25.2,65.4,14/02/2023,9
158,-2.8,68.5,05/03/2023,9
159,34.7,83.2,27/02/2023,3
160,-3.6,11.0,14/03/2023,6
161,38.3,35.0,05/03/2023,10
162,16.1,72.7,18/01/2023,10
163,2.3,23.1,30/03/2023,6
164,20.6,16.5,25/01/2023,3
165,39.2,63.9,22/01/2023,4
166,20.7,55.8,28/03/2023,8
167,3.6,36.2,10/02/2023,9
168,39.1,92.5,21/02/2023,9
169,30.8,33.1,04/02/2023,4
170,17.7,61.3,26/02/2023,1
171,2.0,0.0,10/03/2023,3
172,38.7,59.6,09/02/2023,7
173,38.1,26.1,18/01/2023,6
174,21.2,24.1,16/01/2023,5
175,4.5,47.6,13/02/2023,5
176,18.1,71.9,19/03/2023,6
177,16.0,8.2,13/01/2023,8
178,34.8,44.3,14/02/2023,10
179,28.9,62.4,28/03/2023,7
180,-8.1,71.1,22/03/2023,4
181,28.9,35.2,06/02/2023,3
182,13.1,27.1,03/04/2023,1
183,14.0,35.2,02/02/2023,2
184,-5.7,18.4,08/03/2023,6
185,37.9,95.1,18/01/2023,3
186,11.4,76.5,30/01/2023,7
187,18.3,64.4,19/01/2023,9
188,27.3,85.8,21/01/2023,8
189,16.0,55.3,02/02/2023,4
190,-1.9,38.4,05/04/2023,9
191,-1.6,72.0,04/02/2023,8
192,34.7,13.6,05/02/2023,7
193,-0.7,61.7,16/03/2023,5
194,14.1,67.0,04/01/2023,1
195,33.5,81.8,11/03/2023,1
196,34.4,20.7,07/02/2023,8
197,31.4,46.9,29/03/2023,8
198,32.4,45.6,08/02/2023,7
199,-2.8,36.6,16/02/2023,4
200,2.1,11.8,08/01/2023,5
201,22.7,49.5,05/02/2023,6
202,25.7,3.7,24/01/2023,9
203,28.8,52.3,10/03/2023,5
204,38.3,89.3,28/03/2023,6
205,6.2,30.6,12/01/2023,4
206,39.5,84.5,05/01/2023,9
207,33.3,42.4,29/01/2023,2
208,35.3,94.1,14/03/2023,2
209,21.6,88.2,05/01/2023,10
210,-3.3,74.3,26/02/2023,6
211,13.7,48.2,20/02/2023,8
212,20.9,60.3,01/04/2023,7
213,-8.5,62.7,04/02/2023,5
214,18.8,37.7,15/02/2023,7
215,32.1,86.4,08/02/2023,4
216,17.9,25.8,31/03/2023,7
217,7.9,41.5,15/02/2023,7
218,30.2,36.9,30/01/2023,3
219,39.2,61.6,09/03/2023,8
220,24.5,57.9,10/02/2023,7
221,-2.5,94.6,17/01/2023,5
222,30.9,95.5,17/01/2023,2
223,29.1,25.1,13/02/2023,5
224,6.1,56.8,29/03/2023,3
225,-7.5,72.5,01/03/2023,3
226,38.3,47.8,23/01/2023,9
227,2.7,23.4,08/03/2023,8
228,18.7,83.4,14/03/2023,9
229,13.4,69.5,04/01/2023,1
230,-3.3,60.1,15/03/2023,7
231,2.8,50.8,20/03/2023,9
232,29.9,74.1,19/03/2023,3
233,-9.4,10.9,18/02/2023,6
234,34.6,24.2,17/02/2023,2
235,38.6,18.5,04/03/2023,5
236,3.0,19.4,13/03/2023,5
237,22.8,40.6,26/01/2023,4
238,22.2,76.5,13/01/2023,6
239,16.3,54.0,05/02/2023,10
240,1.3,56.0,26/01/2023,2
241,28.0,64.0,04/02/2023,8
242,11.2,26.0,17/03/2023,1
243,39.6,24.7,02/03/2023,6
244,35.3,21.0,19/02/2023,10
245,-0.3,34.0,28/01/2023,10
246,32.6,35.1,05/01/2023,4
247,27.2,92.5,04/02/2023,5
248,18.7,31.5,01/02/2023,6
249,28.6,91.1,19/01/2023,3
250,-1.5,98.6,08/02/2023,5
251,6.1,85.0,02/03/2023,4
252,36.9,10.1,09/01/2023,9
253,38.4,48.2,15/03/2023,2
254,28.1,69.6,24/02/2023,7
255,-2.5,5.2,26/02/2023,4
256,-2.6,96.3,23/01/2023,3
257,6.4,59.7,17/02/2023,3
258,13.0,85.9,07/03/2023,2
259,-9.8,75.2,28/03/2023,9
260,30.9,61.8,23/03/2023,1
261,24.3,47.3,11/01/2023,5
262,-2.1,57.6,17/02/2023,4
263,3.2,48.0,08/03/2023,2
264,22.2,99.0,23/01/2023,5
265,34.9,1.6,24/01/2023,10
266,-0.5,89.0,01/04/2023,4
267,34.5,62.9,18/03/2023,6
268,-1.7,35.7,01/04/2023,9
269,3.5,79.5,04/02/2023,3
270,20.8,57.3,08/01/2023,5
271,37.2,98.5,23/03/2023,7
272,-6.1,84.4,19/01/2023,10
273,35.0,41.7,11/02/2023,7
274,1.6,93.6,31/01/2023,7
275,3.3,44.7,09/03/2023,5
276,-8.0,91.1,03/04/2023,6
277,28.6,62.2,26/01/2023,3
278,21.5,16.2,18/03/2023,5
279,32.4,24.1,29/03/2023,7
280,16.8,27.6,08/01/2023,3
281,30.3,53.2,06/03/2023,10
282,11.2,94.0,23/03/2023,2
283,38.3,23.8,22/01/2023,10
284,12.8,83.3,09/03/2023,3
285,-2.4,31.4,20/03/2023,3
286,24.3,56.6,23/01/2023,6
287,13.0,67.1,08/02/2023,3
288,-4.4,58.9,06/02/2023,7
289,31.9,9.0,23/01/2023,1
290,23.4,26.8,18/03/2023,8
291,38.6,8.7,12/02/2023,9
292,-8.8,64.0,01/03/2023,8
293,21.7,21.8,23/03/2023,8
294,31.0,54.2,17/02/2023,2
295,36.8,75.7,09/02/2023,5
296,11.7,29.1,14/03/2023,5
297,1.3,1.7,05/01/2023,1
298,12.8,31.7,08/02/2023,5
299,18.3,57.8,01/03/2023,5
300,13.9,64.9,18/03/2023,8
301,4.4,84.3,08/03/2023,1
302,-5.7,26.1,29/01/2023,4
303,23.9,67.5,04/03/2023,2
304,6.9,46.1,04/02/2023,2
305,9.2,57.3,13/01/2023,10
306,15.3,54.5,13/02/2023,6
307,39.2,19.7,02/02/2023,2
308,37.1,16.5,05/03/2023,1
309,22.2,13.7,28/01/2023,7
310,20.2,74.5,12/01/2023,1
311,2.6,4.2,07/02/2023,4
312,22.6,39.6,27/01/2023,1
313,25.7,83.5,01/04/2023,8
314,20.2,8.3,19/01/2023,8
315,3.0,17.6,02/02/2023,7
316,35.1,31.6,26/02/2023,7
317,32.7,90.0,31/03/2023,10
318,32.8,53.3,26/02/2023,2
319,-0.3,68.4,16/03/2023,3
320,28.0,2.7,15/03/2023,8
321,-5.4,67.6,10/01/2023,1
322,-4.4,74.3,28/02/2023,7
323,-8.0,24.0,07/03/2023,5
324,36.4,12.4,20/02/2023,6
325,-7.4,49.1,27/02/2023,5
326,24.0,42.7,25/02/2023,3
327,-6.7,89.4,16/02/2023,6
328,34.4,84.8,04/04/2023,7
329,18.2,55.9,24/01/2023,4
330,21.4,52.6,04/04/2023,10
331,26.0,98.5,29/01/2023,10
332,3.9,59.1,20/03/2023,8
333,33.0,27.3,28/03/2023,3
334,35.9,85.6,27/01/2023,6
335,31.6,18.3,06/03/2023,5
336,34.1,37.1,03/02/2023,5
337,35.6,11.5,04/04/2023,4
338,32.3,35.8,22/02/2023,9
339,1.5,69.9,21/03/2023,5
340,15.5,27.2,13/03/2023,2
341,31.3,57.3,11/01/2023,3
342,10.2,84.4,13/03/2023,8
343,2.2,33.1,13/02/2023,7
344,-0.6,80.9,19/03/2023,10
345,39.4,72.5,15/01/2023,9
346,29.1,72.8,09/03/2023,8
347,35.1,9.5,12/03/2023,5
348,26.9,88.2,10/02/2023,1
349,11.4,86.7,05/02/2023,8
350,22.1,68.0,13/03/2023,3
351,-1.6,10.1,25/02/2023,7
352,26.7,18.9,29/03/2023,5
353,-0.5,82.8,06/02/2023,7
354,36.3,35.0,30/03/2023,7
355,35.1,1.2,15/03/2023,2
356,39.6,61.7,18/02/2023,5
357,21.0,28.9,19/03/2023,10
358,-2.1,78.3,17/02/2023,2
359,29.3,39.8,23/03/2023,7
360,-3.6,46.9,28/03/2023,1
361,8.0,92.2,27/01/2023,9
362,4.4,68.8,30/03/2023,6
363,24.2,7.9,08/03/2023,7
364,24.4,80.8,26/03/2023,10
365,-5.9,50.0,07/03/2023,7
366,20.7,1.7,14/01/2023,1
367,-5.2,63.0,08/03/2023,1
368,-4.0,68.5,03/04/2023,9
369,37.9,54.6,08/03/2023,4
370,7.4,3.2,05/01/2023,5
371,5.0,84.0,06/03/2023,10
372,36.3,49.7,03/04/2023,8
373,-2.3,17.6,16/01/2023,3
374,24.5,5.6,07/01/2023,1
375,36.7,11.3,18/03/2023,7
376,23.2,63.0,23/03/2023,2
377,24.6,64.8,14/02/2023,3
378,-1.2,92.5,09/03/2023,3
379,0.2,36.3,16/01/2023,1
380,31.0,35.7,16/01/2023,5
381,-5.9,28.7,06/01/2023,9
382,-0.0,8.4,11/03/2023,6
383,-1.4,95.7,08/02/2023,2
384,-0.8,41.6,23/01/2023,3
385,24.4,37.0,25/02/2023,5
386,31.6,64.3,02/02/2023,4
387,-2.6,41.1,27/01/2023,9
388,-7.5,65.8,02/03/2023,7
389,36.3,96.6,24/02/2023,7
390,25.0,59.7,10/01/2023,3
391,35.0,22.1,26/02/2023,4
392,8.8,69.8,13/03/2023,9
393,-7.8,20.4,12/01/2023,2
394,1.6,25.9,07/01/2023,9
395,1.0,27.2,18/01/2023,5
396,39.5,32.9,24/02/2023,7
397,27.8,29.6,22/01/2023,6
398,24.8,29.8,01/04/2023,5
399,34.7,82.8,18/01/2023,6
400,5.0,27.5,24/01/2023,7
401,33.4,62.6,03/04/2023,6
402,22.0,67.8,12/02/2023,10
403,33.5,3.4,11/03/2023,2
404,21.8,87.1,25/02/2023,1
405,24.7,52.5,05/04/2023,8
406,15.4,59.2,07/02/2023,4
407,35.8,48.0,18/02/2023,3
408,6.9,11.0,14/03/2023,7
409,23.5,86.6,09/02/2023,9
410,35.4,30.1,14/03/2023,10
411,7.9,31.7,13/01/2023,6
412,22.4,19.9,25/03/2023,3
413,14.2,15.0,20/02/2023,1
414,24.2,1.8,07/02/2023,2
415,-1.9,10.6,19/01/2023,5
416,17.8,69.6,10/01/2023,2
417,35.9,92.1,30/01/2023,2
418,14.8,67.5,05/02/2023,10
419,3.9,84.7,22/02/2023,9
420,36.1,71.8,24/03/2023,1
421,-9.3,95.4,09/01/2023,5
422,25.9,35.2,28/02/2023,5
423,32.1,26.2,09/02/2023,7
424,1.7,87.4,04/04/2023,4
425,-7.5,75.3,09/02/2023,2
426,39.5,24.2,15/01/2023,3
427,-6.1,88.8,21/02/2023,5
428,14.8,38.8,27/02/2023,1
429,-2.1,7.5,01/03/2023,2
430,14.2,91.9,31/03/2023,3
431,8.1,3.2,02/03/2023,9
432,20.3,64.3,09/01/2023,9
433,0.1,34.8,02/04/2023,2
434,35.3,38.0,23/01/2023,6
435,15.7,75.4,26/02/2023,6
436,14.5,28.0,08/02/2023,3
437,-8.5,88.2,26/03/2023,3
438,-6.4,36.0,20/02/2023,5
439,18.9,35.4,26/02/2023,7
440,11.8,62.8,28/03/2023,6
441,-9.9,31.8,28/01/2023,10
442,12.1,46.4,15/02/2023,3
443,4.7,42.1,28/01/2023,10
444,8.5,93.2,05/03/2023,5
445,28.2,13.1,21/03/2023,1
446,-1.1,24.9,27/03/2023,4
447,3.4,80.0,10/02/2023,8
448,32.2,97.5,31/03/2023,4
449,27.4,47.2,15/02/2023,5
450,34.1,83.1,14/03/2023,3
451,11.2,6.4,14/01/2023,1
452,19.5,89.4,04/02/2023,10
453,13.4,22.9,27/01/2023,5
454,35.8,51.5,15/03/2023,5
455,-7.1,79.4,29/03/2023,4
456,-0.3,76.5,21/02/2023,3
457,-2.8,69.0,04/04/2023,7
458,13.6,15.5,19/01/2023,8
459,28.4,35.2,14/02/2023,6
460,-5.4,38.9,13/03/2023,2
461,21.0,40.0,23/01/2023,2
462,27.1,43.5,12/02/2023,5
463,11.9,50.9,03/02/2023,8
464,34.3,58.5,08/01/2023,9
465,2.1,16.8,16/01/2023,10
466,-8.9,9.3,19/03/2023,4
467,3.9,46.0,08/02/2023,7
468,-0.6,52.0,12/03/2023,9
469,-4.5,15.8,17/02/2023,9
470,30.7,81.7,07/01/2023,2
471,-0.4,50.0,27/03/2023,3
472,19.9,24.1,05/03/2023,9
473,-3.7,82.7,16/01/2023,9
474,4.3,10.2,20/02/2023,6
475,36.2,84.4,05/04/2023,8
476,28.8,73.2,21/01/2023,7
477,29.4,40.3,04/01/2023,1
478,-8.4,50.9,18/02/2023,6
479,-1.1,28.1,22/01/2023,3
480,9.6,32.6,17/01/2023,1
481,39.8,79.8,13/01/2023,5
482,37.6,54.2,21/03/2023,7
483,22.0,63.8,03/03/2023,4
484,21.3,61.3,30/03/2023,6
485,18.4,31.8,01/04/2023,7
486,38.3,48.0,13/01/2023,10
487,32.9,70.4,22/01/2023,7
488,10.2,74.1,05/02/2023,6
489,12.8,85.3,24/02/2023,1
490,-2.8,92.8,22/03/2023,9
491,8.2,73.5,28/01/2023,3
492,0.4,75.7,13/01/2023,2
493,1.6,93.1,24/02/2023,10
494,-3.8,80.1,12/03/2023,7
495,10.8,10.7,29/03/2023,7
496,2.6,2.5,02/03/2023,3
497,-1.5,33.0,27/01/2023,3
498,37.3,61.3,01/04/2023,2
499,8.8,28.3,24/02/2023,8
500,38.6,35.3,24/03/2023,3
501,37.5,30.1,21/03/2023,1
502,31.0,56.9,27/02/2023,3
503,-2.7,27.9,13/01/2023,3
504,-0.1,18.8,05/04/2023,7
505,10.6,87.2,22/01/2023,8
506,10.2,59.9,04/04/2023,1
507,-4.5,43.2,22/03/2023,10
508,-9.2,49.9,15/02/2023,3
509,2.7,73.8,05/02/2023,7
510,38.7,10.6,07/03/2023,9
511,35.3,92.6,04/02/2023,10
512,15.5,90.1,03/04/2023,4
513,40.0,17.0,24/03/2023,3
514,10.9,78.0,31/03/2023,8
515,0.1,3.8,19/03/2023,4
516,-9.9,43.7,13/03/2023,3
517,-0.8,2.1,09/03/2023,10
518,-3.4,59.7,18/02/2023,10
519,2.7,51.6,16/01/2023,3
520,31.5,10.1,10/01/2023,7
521,18.0,23.8,09/01/2023,2
522,11.4,39.5,08/02/2023,3
523,23.0,14.2,13/02/2023,8
524,39.3,44.5,19/03/2023,5
525,33.5,45.6,12/03/2023,1
526,34.9,4.7,13/02/2023,9
527,32.1,18.8,30/03/2023,9
528,4.9,33.2,18/01/2023,1
529,38.3,49.2,08/02/2023,5
530,36.3,6.4,17/02/2023,3
531,32.1,94.4,11/03/2023,7
532,10.6,65.4,27/02/2023,9
533,18.8,56.5,27/01/2023,9
534,39.6,56.8,08/01/2023,7
535,20.0,67.0,01/02/2023,9
536,11.8,54.2,10/03/2023,5
537,9.0,57.6,08/03/2023,8
538,37.2,1.4,16/02/2023,10
539,8.9,95.2,13/02/2023,5
540,21.3,59.3,09/03/2023,4
541,23.3,87.4,28/03/2023,2
542,21.5,77.5,05/01/2023,1
543,3.0,62.3,28/01/2023,1
544,15.2,42.5,10/03/2023,5
545,29.0,40.6,12/01/2023,4
546,38.4,82.0,05/03/2023,3
547,-5.4,80.6,22/02/2023,3
548,4.9,40.3,26/03/2023,4
549,-9.8,48.5,01/04/2023,1
550,15.4,49.2,24/01/2023,8
551,31.7,25.6,18/03/2023,8
552,38.7,93.7,11/01/2023,3
553,22.6,77.4,17/01/2023,2
554,24.1,36.7,04/02/2023,10
555,28.5,75.8,09/02/2023,8
556,19.9,80.0,13/02/2023,3
557,8.3,36.2,11/01/2023,10
558,36.8,39.9,21/02/2023,3
559,-4.6,55.1,04/01/2023,4
560,12.7,57.8,03/03/2023,2
561,4.1,87.2,19/01/2023,7
562,-5.5,36.8,25/02/2023,7
563,37.0,63.1,14/03/2023,1
564,29.9,58.7,09/02/2023,3
565,21.3,52.9,21/03/2023,3
566,32.8,39.5,16/03/2023,6
567,6.0,5.0,30/03/2023,1
568,29.2,88.2,05/03/2023,7
569,19.5,79.1,10/03/2023,3
570,0.2,87.8,11/02/2023,3
571,8.4,70.6,19/02/2023,9
572,34.2,27.3,30/01/2023,5
573,11.5,96.6,04/04/2023,8
574,-4.0,23.7,15/01/2023,2
575,30.3,91.9,10/03/2023,3
576,7.2,54.9,25/02/2023,6
577,13.2,9.3,19/01/2023,10
578,1.4,19.4,20/03/2023,3
579,29.7,78.9,21/03/2023,9
580,-3.1,80.1,11/02/2023,9
581,4.4,57.3,12/01/2023,1
582,1.3,88.2,08/02/2023,9
583,-9.9,4.6,13/02/2023,5
584,9.2,69.2,12/03/2023,7
585,24.1,91.9,24/01/2023,5
586,14.0,78.8,20/02/2023,5
587,24.5,22.8,23/02/2023,10
588,20.1,19.2,28/01/2023,8
589,7.0,32.9,04/04/2023,3
590,7.3,28.6,07/03/2023,1
591,39.9,12.3,31/01/2023,8
592,22.0,1.2,06/02/2023,4
593,-4.9,49.1,28/03/2023,6
594,-8.8,62.9,10/01/2023,7
595,33.5,10.4,15/01/2023,6
596,31.3,80.7,03/02/2023,1
597,13.2,78.9,07/03/2023,5
598,20.1,98.9,28/01/2023,9
599,-8.3,91.5,15/03/2023,3
600,31.0,82.1,03/04/2023,10
601,25.0,75.7,20/02/2023,9
602,10.0,14.9,02/03/2023,2
603,-9.4,19.9,08/02/2023,10
604,-8.9,36.4,25/01/2023,10
605,-9.0,66.4,26/03/2023,2
606,9.1,10.0,04/02/2023,5
607,16.0,28.9,01/03/2023,8
608,10.2,80.4,15/02/2023,9
609,34.4,26.6,04/03/2023,7
610,18.8,25.8,31/01/2023,7
611,14.6,17.6,06/01/2023,8
612,17.2,88.1,13/03/2023,4
613,8.1,98.5,05/03/2023,3
614,26.2,13.2,04/01/2023,4
615,-8.9,95.7,01/02/2023,7
616,33.6,95.5,28/02/2023,3
617,21.2,17.9,20/01/2023,4
618,5.8,54.5,08/02/2023,5
619,-4.5,71.1,30/03/2023,8
620,24.3,18.3,05/01/2023,5
621,39.9,4.5,25/01/2023,5
622,5.9,18.4,19/03/2023,6
623,8.8,90.2,13/02/2023,1
624,34.4,31.0,05/01/2023,7
625,21.7,38.8,20/01/2023,5
626,-3.7,19.1,31/01/2023,7
627,27.9,13.5,01/02/2023,3
628,10.7,25.9,15/02/2023,6
629,13.7,2.0,23/01/2023,6
630,8.2,57.5,24/02/2023,7
631,21.1,87.1,21/03/2023,6
632,6.8,0.9,04/03/2023,10
633,17.5,69.5,22/03/2023,8
634,15.7,25.2,23/02/2023,7
635,27.2,75.8,28/03/2023,3
636,7.2,22.1,05/04/2023,3
637,-2.0,52.7,20/02/2023,3
638,-6.4,63.9,30/03/2023,6
639,21.7,19.4,08/01/2023,10
640,1.9,29.8,08/02/2023,9
641,10.5,48.5,20/01/2023,5
642,-9.6,5.9,03/02/2023,6
643,2.3,18.2,17/03/2023,3
644,15.7,81.0,23/02/2023,7
645,-5.4,15.9,28/03/2023,8
646,4.3,83.7,20/02/2023,7
647,-1.6,65.6,24/02/2023,1
648,-6.3,23.8,21/01/2023,8
649,1.8,36.0,11/03/2023,8
650,10.1,97.9,02/04/2023,5
651,32.3,83.2,09/03/2023,2
652,4.4,22.2,02/02/2023,1
653,25.8,28.1,30/01/2023,7
654,24.3,48.9,17/03/2023,2
655,27.5,36.8,13/03/2023,5
656,4.7,62.4,16/01/2023,5
657,0.3,53.0,14/03/2023,6
658,13.6,62.2,11/02/2023,6
659,5.4,81.9,15/02/2023,7
660,11.6,30.2,09/02/2023,1
661,26.4,68.4,25/03/2023,2
662,35.3,13.7,16/02/2023,4
663,10.6,96.6,08/03/2023,2
664,24.7,21.0,19/02/2023,3
665,29.6,67.3,16/01/2023,9
666,-7.1,96.9,05/03/2023,2
667,37.8,49.2,12/02/2023,7
668,-3.7,57.2,21/01/2023,10
669,3.0,50.3,19/02/2023,9
670,25.1,1.2,25/02/2023,3
671,5.0,47.4,28/02/2023,1
672,-6.2,31.0,23/03/2023,1
673,11.2,36.8,28/02/2023,7
674,37.9,66.3,04/02/2023,10
675,24.2,69.8,05/02/2023,4
676,-5.9,2.1,30/01/2023,4
677,35.2,97.1,09/03/2023,3
678,-5.2,68.8,18/01/2023,2
679,16.0,97.7,11/03/2023,7
680,14.1,39.2,27/02/2023,3
681,34.6,21.4,05/02/2023,2
682,-4.3,86.0,25/03/2023,7
683,14.5,60.8,03/03/2023,5
684,32.6,43.1,05/02/2023,1
685,-6.6,90.3,01/02/2023,2
686,35.1,0.6,31/03/2023,8
687,22.9,51.6,09/03/2023,2
688,15.0,73.8,11/01/2023,3
689,29.2,24.3,03/04/2023,5
690,-0.7,83.4,13/02/2023,9
691,-1.3,40.6,09/02/2023,10
692,7.9,60.8,01/02/2023,7
693,13.7,43.7,17/01/2023,6
694,9.1,55.2,11/01/2023,7
695,24.9,98.5,12/03/2023,1
696,-8.3,50.2,07/03/2023,1
697,3.3,79.9,04/02/2023,3
698,-6.0,84.1,26/02/2023,2
699,-0.4,32.8,01/04/2023,5
700,23.1,50.2,24/02/2023,9
701,0.6,96.8,13/01/2023,1
702,33.1,61.3,21/01/2023,1
703,-6.9,45.0,23/02/2023,5
704,21.1,81.5,28/03/2023,10
705,13.8,35.4,08/01/2023,4
706,4.3,37.4,14/01/2023,10
707,11.9,4.7,08/02/2023,7
708,11.5,43.9,20/01/2023,6
709,32.1,62.2,01/03/2023,8
710,2.5,57.9,14/03/2023,3
711,19.8,43.3,23/01/2023,3
712,-1.2,88.5,23/01/2023,3
713,-2.1,4.6,11/02/2023,4
714,35.2,2.6,26/02/2023,10
715,23.2,65.2,06/03/2023,3
716,22.3,90.4,29/01/2023,2
717,23.0,23.3,08/02/2023,7
718,-0.9,27.1,07/01/2023,2
719,-5.9,52.7,01/03/2023,4
720,29.1,2.4,28/02/2023,7
721,18.0,34.0,09/02/2023,10
722,10.2,32.4,18/02/2023,6
723,-4.1,45.4,13/01/2023,5
724,25.1,76.4,28/01/2023,9
725,18.5,49.6,31/01/2023,6
726,29.9,52.7,22/02/2023,6
727,-6.5,29.1,13/02/2023,4
728,7.5,54.0,08/02/2023,7
729,17.8,34.6,30/01/2023,6
730,29.5,82.7,16/03/2023,3
731,3.5,44.0,11/03/2023,2
732,5.7,4.2,12/02/2023,5
733,16.0,23.2,15/03/2023,6
734,-4.2,88.7,06/02/2023,6
735,35.1,34.5,07/01/2023,5
736,35.5,13.6,20/02/2023,2
737,-5.6,49.2,14/01/2023,5
738,12.5,2.4,24/03/2023,3
739,8.4,97.4,07/01/2023,9
740,14.9,35.5,14/02/2023,3
741,28.5,14.7,24/03/2023,1
742,26.0,26.2,07/02/2023,10
743,22.6,94.6,20/02/2023,8
744,-1.6,98.2,25/02/2023,8
745,13.2,58.1,10/01/2023,10
746,12.2,54.3,27/02/2023,3
747,27.8,24.7,08/01/2023,6
748,28.1,9.6,02/02/2023,4
749,17.8,61.8,13/03/2023,10
750,24.2,74.2,03/03/2023,4
751,25.2,37.6,17/03/2023,5
752,10.3,62.6,08/03/2023,9
753,5.6,45.1,16/03/2023,9
754,24.8,86.6,02/03/2023,8
755,30.5,68.7,26/01/2023,7
756,34.6,14.1,16/03/2023,6
757,29.6,9.1,23/03/2023,1
758,4.4,1.9,14/02/2023,9
759,-2.2,78.6,27/03/2023,9
760,17.0,2.7,23/03/2023,1
761,39.5,43.2,21/02/2023,2
762,34.1,52.3,28/02/2023,4
763,29.8,50.9,28/03/2023,6
764,-8.1,64.1,25/02/2023,10
765,-6.4,73.6,12/02/2023,8
766,39.6,86.8,05/02/2023,2
767,24.9,20.9,11/01/2023,5
768,35.2,46.1,21/01/2023,10
769,30.0,97.7,26/02/2023,4
770,27.3,73.7,14/01/2023,3
771,38.7,40.8,09/03/2023,10
772,34.6,88.4,26/01/2023,7
773,4.2,86.5,26/02/2023,4
774,-6.2,46.4,14/03/2023,10
775,25.7,53.9,08/02/2023,4
776,3.2,46.9,02/03/2023,10
777,5.1,68.8,27/01/2023,1
778,-0.8,1.4,04/03/2023,1
779,14.4,72.6,13/03/2023,7
780,-1.5,88.6,25/03/2023,1
781,-6.8,8.5,08/02/2023,4
782,37.0,3.6,05/01/2023,6
783,3.4,69.1,07/02/2023,7
784,34.1,97.8,02/04/2023,2
785,-7.9,6.8,31/01/2023,10
786,38.8,5.1,05/01/2023,4
787,14.0,7.1,12/03/2023,1
788,-1.6,95.2,15/01/2023,4
789,-8.3,85.5,20/01/2023,2
790,-1.4,42.3,22/01/2023,2
791,-3.2,62.0,02/03/2023,5
792,-2.6,93.0,24/01/2023,7
793,18.8,63.5,13/01/2023,8
794,30.2,49.5,08/02/2023,4
795,29.1,56.3,04/02/2023,7
796,-5.4,24.5,09/02/2023,2
797,-2.7,4.9,07/01/2023,5
798,8.7,10.3,25/01/2023,5
799,4.4,78.3,18/01/2023,2
800,-2.0,15.4,15/03/2023,6
801,33.9,10.3,05/01/2023,2
802,15.4,56.9,27/02/2023,7
803,4.4,38.3,13/01/2023,5
804,26.0,21.8,05/01/2023,3
805,32.0,21.7,28/03/2023,10
806,35.7,11.7,30/03/2023,8
807,13.4,88.1,26/02/2023,9
808,-6.1,63.9,20/03/2023,5
809,37.6,74.9,02/03/2023,9
810,24.6,68.1,25/02/2023,2
811,20.6,2.9,19/02/2023,9
812,2.4,57.0,15/01/2023,4
813,35.4,52.6,29/01/2023,9
814,22.4,70.8,28/01/2023,9
815,1.5,53.6,02/02/2023,3
816,19.2,93.2,12/02/2023,2
817,-8.8,18.4,21/03/2023,9
818,-6.4,48.0,10/01/2023,2
819,34.6,74.4,26/01/2023,2
820,29.2,16.7,04/02/2023,4
821,9.1,22.3,22/02/2023,1
822,-1.7,32.9,24/01/2023,3
823,38.2,39.6,04/01/2023,8
824,-8.0,63.6,02/03/2023,10
825,32.7,51.6,01/04/2023,7
826,10.1,21.3,05/03/2023,5
827,27.3,94.2,15/03/2023,4
828,14.2,77.1,18/03/2023,1
829,-8.3,24.8,01/02/2023,8
830,39.0,47.5,16/03/2023,6
831,11.1,94.2,15/02/2023,4
832,13.4,57.4,24/02/2023,5
833,-0.4,10.8,19/03/2023,4
834,-9.1,23.0,17/03/2023,5
835,37.5,11.9,15/02/2023,2
836,33.3,59.6,01/03/2023,7
837,13.4,18.6,20/01/2023,1
838,22.4,92.9,03/02/2023,1
839,4.6,90.0,05/02/2023,9
840,10.6,86.3,19/01/2023,1
841,36.3,52.4,02/03/2023,8
842,10.7,44.4,17/02/2023,6
843,10.4,19.6,20/01/2023,6
844,35.0,16.9,04/02/2023,9
845,17.2,38.1,30/01/2023,10
846,16.9,3.2,21/03/2023,6
847,32.3,18.6,27/01/2023,8
848,13.2,76.0,07/02/2023,9
849,-4.8,77.7,01/02/2023,4
850,37.5,61.8,21/01/2023,5
851,25.2,73.7,26/01/2023,5
852,37.1,80.7,05/01/2023,7
853,27.0,48.1,04/01/2023,10
854,5.6,97.3,04/02/2023,8
855,28.9,63.9,12/03/2023,3
856,11.8,35.8,30/03/2023,5
857,-9.1,78.0,08/01/2023,4
858,0.5,4.0,29/01/2023,7
859,39.1,18.4,29/01/2023,4
860,-6.9,73.2,17/01/2023,1
861,35.1,42.5,07/01/2023,2
862,39.5,89.9,16/02/2023,8
863,34.2,90.9,19/03/2023,6
864,-1.5,63.0,17/03/2023,2
865,30.8,88.4,28/02/2023,9
866,-4.5,73.3,30/03/2023,9
867,-9.6,5.8,20/01/2023,6
868,24.7,41.3,07/01/2023,8
869,10.2,64.3,11/02/2023,6
870,0.7,80.1,24/03/2023,6
871,38.3,1.4,25/02/2023,4
872,25.9,40.2,25/01/2023,7
873,20.3,15.0,22/02/2023,4
874,9.4,91.7,21/03/2023,7
875,-5.6,21.8,28/03/2023,5
876,-1.5,96.3,17/01/2023,3
877,31.4,71.0,06/01/2023,3
878,13.9,90.3,11/03/2023,9
879,35.2,58.6,12/02/2023,6
880,1.1,93.2,12/01/2023,7
881,34.6,48.2,25/01/2023,4
882,33.4,83.7,03/03/2023,4
883,32.3,79.6,11/01/2023,2
884,34.1,16.5,06/01/2023,4
885,-5.6,72.7,03/04/2023,10
886,5.4,90.9,26/01/2023,3
887,20.9,97.2,02/04/2023,9
888,23.8,62.0,18/03/2023,5
889,4.7,76.5,26/01/2023,5
890,4.1,22.4,24/03/2023,6
891,-6.2,35.2,07/01/2023,6
892,23.9,74.9,07/03/2023,9
893,28.8,35.6,12/01/2023,2
894,1.0,8.8,12/01/2023,2
895,29.6,92.1,13/02/2023,1
896,1.2,10.5,19/02/2023,1
897,17.4,96.5,18/01/2023,7
898,26.4,90.3,06/03/2023,7
899,-9.7,71.2,14/02/2023,4
900,12.2,6.1,22/01/2023,9
901,7.7,11.9,29/01/2023,6
902,-6.6,94.7,05/04/2023,7
903,10.4,39.5,05/01/2023,10
904,0.6,67.0,07/03/2023,1
905,9.5,54.2,03/02/2023,10
906,-9.5,53.9,04/01/2023,4
907,21.2,32.9,11/01/2023,3
908,-8.4,3.8,28/01/2023,6
909,30.6,6.4,11/01/2023,3
910,9.1,74.2,02/04/2023,10
911,25.7,43.7,10/01/2023,7
912,27.9,8.1,10/03/2023,2
913,0.7,19.2,30/03/2023,9
914,17.1,77.0,11/03/2023,10
915,25.2,64.8,13/01/2023,4
916,26.5,21.0,09/02/2023,3
917,13.8,22.9,27/01/2023,8
918,-8.3,13.5,19/03/2023,6
919,19.9,39.4,29/01/2023,4
920,-0.6,47.9,13/01/2023,9
921,10.8,58.9,15/02/2023,2
922,34.2,55.4,11/01/2023,3
923,25.6,33.6,28/02/2023,8
924,39.7,24.0,06/03/2023,6
925,1.1,16.0,12/03/2023,4
926,38.3,34.8,21/02/2023,5
927,22.3,83.6,06/02/2023,9
928,32.8,68.5,04/02/2023,5
929,39.2,5.8,03/02/2023,7
930,-5.6,40.1,05/02/2023,1
931,10.2,24.6,29/03/2023,1
932,-3.2,0.1,27/02/2023,1
933,39.5,67.2,21/01/2023,8
934,21.2,97.0,20/02/2023,6
935,-5.7,78.6,01/02/2023,6
936,5.7,49.6,06/03/2023,1
937,33.0,26.8,22/01/2023,2
938,8.1,65.3,15/01/2023,1
939,36.2,79.2,04/01/2023,8
940,25.5,87.3,05/03/2023,5
941,5.1,25.9,11/01/2023,4
942,-2.2,52.1,20/01/2023,9
943,9.0,16.4,04/04/2023,8
944,35.1,46.6,19/02/2023,3
945,-4.3,0.6,22/03/2023,2
946,29.4,69.9,09/01/2023,9
947,12.4,41.1,09/01/2023,6
948,30.1,40.3,17/01/2023,4
949,37.7,41.9,19/02/2023,10
950,22.2,93.6,24/02/2023,5
951,39.2,40.0,14/01/2023,6
952,4.1,6.8,13/03/2023,2
953,0.0,81.4,20/01/2023,4
954,32.4,65.8,14/03/2023,1
955,39.7,44.6,01/02/2023,9
956,30.1,10.7,31/01/2023,8
957,4.5,7.3,24/01/2023,2
958,18.6,79.1,28/03/2023,7
959,17.5,14.1,23/02/2023,3
960,16.5,11.4,20/03/2023,5
961,32.1,9.1,16/03/2023,1
962,31.9,94.7,21/02/2023,8
963,18.2,63.6,20/01/2023,6
964,20.8,51.8,29/01/2023,5
965,37.0,2.8,06/03/2023,5
966,28.6,2.0,06/03/2023,8
967,28.3,1.7,12/02/2023,2
968,37.9,75.6,16/02/2023,1
969,37.9,28.6,03/03/2023,10
970,29.6,38.6,16/01/2023,1
971,31.4,83.7,23/01/2023,6
972,-2.7,35.1,18/01/2023,1
973,4.9,55.2,20/01/2023,10
974,2.6,15.8,20/01/2023,9
975,6.3,39.1,11/03/2023,3
976,-8.7,30.2,31/01/2023,8
977,14.8,98.0,23/01/2023,10
978,-1.7,64.8,12/02/2023,10
979,13.1,41.8,12/03/2023,1
980,13.9,42.5,13/01/2023,10
981,36.1,63.9,22/02/2023,9
982,5.0,85.2,17/02/2023,4
983,-5.4,57.3,25/01/2023,2
984,17.3,17.5,15/01/2023,8
985,24.6,70.6,25/01/2023,10
986,-4.8,28.7,11/01/2023,8
987,-4.7,35.4,04/01/2023,5
988,-4.6,26.2,21/03/2023,8
989,38.8,8.4,30/01/2023,5
990,18.4,76.2,14/01/2023,2
991,17.8,82.5,15/01/2023,1
992,15.8,11.8,28/01/2023,2
993,30.3,9.8,09/03/2023,10
994,6.5,73.1,29/01/2023,1
995,30.8,41.0,09/03/2023,3
996,0.8,95.6,23/02/2023,5
997,2.7,98.1,15/02/2023,4
998,13.7,33.9,19/02/2023,2
999,-9.6,47.0,09/01/2023,6
1000,21.9,15.1,28/03/2023,6
